name,url,price
Подвесной светильник Сансет Black,/product/podvesnoj-svetilnik-sanset-black,2990
Настольная лампа Машрум Gold,/product/nastolnaya-lampa-mashrum-gold,2990
Торшер Билли Black,/product/torsher-billi-black,13 990
Подвесной светильник Бабл-9,/product/podvesnoj-svetilnik-babl-9,15 990
Торшер Бабл-1,/product/torsher-babl-1,5990
Подвесной светильник Бабл-3,/product/podvesnoj-svetilnik-babl-3,5990
Бра Бабл Black,/product/bra-babl-black,1790
Настольная лампа Дэнди Black,/product/nastolnaya-lampa-dendi-black,4590
Настольная лампа Дэнди White,/product/nastolnaya-lampa-dendi-white,3990
Торшер Варио White,/product/torsher-vario-white,5990
Бра Варио Black,/product/bra-vario-black,790
Бра Варио White,/product/bra-vario-white,790
Подвесной светильник Сансет White,/product/podvesnoj-svetilnik-sanset-white,2990
Подвесной светильник Кэндел Black,/product/podvesnoj-svetilnik-kendel-black,2590
Подвесной светильник Кэндел White,/product/podvesnoj-svetilnik-kendel-white,1990
Торшер Вена Beige,/product/torsher-vena-beige,8590
Настольная лампа Сфера Orange,/product/nastolnaya-lampa-sfera-orange,4590
Торшер Осло Black,/product/torsher-oslo-black,14 990
Подвесной светильник Кая Black,/product/podvesnoj-svetilnik-kaya-black,2490
Торшер Вена Black,/product/torsher-vena-black,9990
Подвесной светильник Кая White,/product/podvesnoj-svetilnik-kaya-white,2490
Торшер Осло White,/product/torsher-oslo-white,14 990
Настольная лампа Сканди White,/product/nastolnaya-lampa-skandi-white,4490
Настольная лампа Гровер Glass,/product/nastolnaya-lampa-grover-glass,3990
Настольная лампа Сфера Black,/product/nastolnaya-lampa-sfera-black,3990
Настольная лампа Машрум Grey,/product/nastolnaya-lampa-mashrum-grey,2990
Настольная лампа Спайк Orange,/product/nastolnaya-lampa-spajk-orange,990
Настольная лампа Спайк Green,/product/nastolnaya-lampa-spajk-green,990
Торшер Клауд White,/product/torsher-klaud-white,13 990
Настольная лампа Клауд White,/product/nastolnaya-lampa-klaud-white,8990
Настольная лампа Рэй Black,/product/nastolnaya-lampa-rej-black,2990
Настольная лампа Рэй White,/product/nastolnaya-lampa-rej-white,2990
Торшер Рэй White,/product/torsher-rej-white,4590
Торшер Рэй Black,/product/torsher-rej-black,4590
Подвесной светильник Портланд Black,/product/podvesnoj-svetilnik-portland-black,3190
Настольная лампа Гросс White,/product/nastolnaya-lampa-gross-white,2990
Торшер Гросс White,/product/torsher-gross-white,4990
Торшер Мун Black,/product/torsher-mun-black,4990
Торшер Билли White,/product/torsher-billi-white,13 990
Торшер Варио Black,/product/torsher-vario-black,5990
Настольная лампа Раффи Round,/product/nastolnaya-lampa-raffi-round,5790
Торшер Раффи Round,/product/torsher-raffi-round,8890
Бра Moderli Alina,/product/bra-moderli-alina,3390
Подвесной светильник Маро Green,/product/podvesnoj-svetilnik-maro-green,11 690
Бра Tarbes-2,/product/bra-tarbes-2,3290
Светильник потолочный Matthew,/product/svetilnik-potolochnyj-matthew,4990
Настольная лампа Junior-4,/product/nastolnaya-lampa-junior-4,2990
Торшер Шани Black,/product/torsher-shani-black,11 390
